Model,AUC-ROC,Avg Precision,Precision,Recall,F1,Brier Score
Turbulence Index,0.8237776157900638,0.6427786579685909,0.4803921568627451,0.6621621621621622,0.5568181818181818,0.1870242532800829
SCDA (Ours),0.6676189149015236,0.19523701344030486,0.2682926829268293,0.14102564102564102,0.18487394957983194,0.11702541462717604
SMA Volatility,0.6438525991792066,0.3550701429226302,0.32673267326732675,0.38372093023255816,0.35294117647058826,0.1796544866887938
RF Traditional,0.6326949384404924,0.22647567749908404,0.1889763779527559,0.27906976744186046,0.22535211267605634,0.16805917206621418
Logistic Regression,0.6216227770177839,0.2607265724227573,0.15873015873015872,0.3488372093023256,0.21818181818181817,0.2878254783475647
Absorption Ratio,0.21934225195094761,0.07656874128660295,0.0,0.0,0.0,0.19636243857794092
